Name,Created,Tags
"Matriks Aljabar ","April 30, 2025 10:46 AM",
"Pendidikan Agama Islam ","April 30, 2025 10:46 AM",
"Pancasila ","April 30, 2025 10:46 AM",
Telaah Kurikulum,"April 30, 2025 10:46 AM",
Geometri Ruang,"April 30, 2025 10:46 AM",
Geometri Analitik Datar,"April 30, 2025 4:37 PM",
Kapita Selekta SMP,"April 30, 2025 4:35 PM",
"Teknik Analisis Data ","April 30, 2025 4:34 PM",
"Kalkulus ","April 30, 2025 4:32 PM",
Konsultasi Bimbingan,"April 30, 2025 4:38 PM",
Sistem Operasi,"April 30, 2025 4:39 PM",
Statistika,"April 30, 2025 4:41 PM",